 {
  "groups": [
    {
      "id": 1,
      "name": "Group 1",
      "cards": [
        {
          "id": 1,
          "name": "Card 1",
          "lastUpdated": "10/21/2020",
          "lastFailure": "01/11/2012",
          "description": "A description of this card",
          "properties": "Group 1",
          "selected": true
        },
        {
          "id": 2,
          "name": "Card 2",
          "lastUpdated": "10/22/2020",
          "lastFailure": "01/12/2012",
          "description": "A description of this card",
          "properties": "Group 1",
          "selected": false
        },
        {
          "id": 3,
          "name": "Card 3",
          "lastUpdated": "10/23/2020",
          "lastFailure": "01/13/2012",
          "description": "A description of this card",
          "properties": "Group 1",
          "selected": false
        },
        {
          "id": 4,
          "name": "Card 4",
          "lastUpdated": "10/24/2020",
          "lastFailure": "01/14/2012",
          "description": "A description of this card",
          "properties": "Group 1",
          "selected": false
        },
        {
          "id": 5,
          "name": "Card 5",
          "lastUpdated": "10/25/2020",
          "lastFailure": "01/15/2012",
          "description": "A description of this card",
          "properties": "Group 1",
          "selected": false
        },
        {
          "id": 6,
          "name": "Card 6",
          "lastUpdated": "10/26/2020",
          "lastFailure": "01/16/2012",
          "description": "A description of this card",
          "properties": "Group 1",
          "selected": false
        },
        {
          "id": 7,
          "name": "Card 7",
          "lastUpdated": "10/27/2020",
          "lastFailure": "01/17/2012",
          "description": "A description of this card",
          "properties": "Group 1",
          "selected": false
        },
        {
          "id": 8,
          "name": "Card 8",
          "lastUpdated": "10/28/2020",
          "lastFailure": "01/18/2012",
          "description": "A description of this card",
          "properties": "Group 1",
          "selected": false
        },
        {
          "id": 9,
          "name": "Card 9",
          "lastUpdated": "10/29/2020",
          "lastFailure": "01/19/2012",
          "description": "A description of this card",
          "properties": "Group 1",
          "selected": false
        }
      ]
    },
    {
      "id": 2,
      "name": "Group 2",
      "cards": [
        {
          "id": 11,
          "name": "Card 1-2",
          "lastUpdated": "10/21/2021",
          "lastFailure": "01/11/2013",
          "description": "A description of this card",
          "properties": "Group 2",
          "selected": false
        },
        {
          "id": 12,
          "name": "Card 2-2",
          "lastUpdated": "10/22/2021",
          "lastFailure": "01/12/2013",
          "description": "A description of this card",
          "properties": "Group 2",
          "selected": false
        },
        {
          "id": 13,
          "name": "Card 3-2",
          "lastUpdated": "10/23/2021",
          "lastFailure": "01/13/2013",
          "description": "A description of this card",
          "properties": "Group 2",
          "selected": false
        },
        {
          "id": 14,
          "name": "Card 4-2",
          "lastUpdated": "10/24/2021",
          "lastFailure": "01/14/2013",
          "description": "A description of this card",
          "properties": "Group 2",
          "selected": false
        },
        {
          "id": 15,
          "name": "Card 5-2",
          "lastUpdated": "10/25/2021",
          "lastFailure": "01/15/2013",
          "description": "A description of this card",
          "properties": "Group 2",
          "selected": false
        }
      ]
    }
  ]
}
